metric,value,ci_low,ci_high,tp,fp,tn,fn
TPR,0.99,0.9642782382838231,0.9972533418664555,198.0,0.0,200.0,2.0
FPR,0.0,1.734723475976807e-18,0.018845326377266575,,,,
Precision,1.0,,,,,,
Recall,0.99,,,,,,
F1,0.9949748743718593,,,,,,
