fold,threshold,tp,fp,tn,fn,tpr,fpr,precision,recall,f1
1,0.220221788082835,40,0,40,0,1.0,0.0,1.0,1.0,1.0
2,3.10578637291378,38,0,40,2,0.95,0.0,1.0,0.95,0.9743589743589743
3,-0.23785856473212874,40,0,40,0,1.0,0.0,1.0,1.0,1.0
4,-0.2918224797844111,40,0,40,0,1.0,0.0,1.0,1.0,1.0
5,-0.1381396714477674,40,0,40,0,1.0,0.0,1.0,1.0,1.0
