fold,threshold,tp,fp,tn,fn,tpr,fpr,precision,recall,f1
1,0.2316655484731812,40,6,34,0,1.0,0.15,0.8695652173913043,1.0,0.9302325581395349
2,0.2347621455197728,40,6,34,0,1.0,0.15,0.8695652173913043,1.0,0.9302325581395349
3,0.21270592863276439,40,4,36,0,1.0,0.1,0.9090909090909091,1.0,0.9523809523809523
4,0.21397516033520753,40,3,37,0,1.0,0.075,0.9302325581395349,1.0,0.963855421686747
5,0.2280305065686442,40,5,35,0,1.0,0.125,0.8888888888888888,1.0,0.9411764705882353
