fold,threshold,tp,fp,tn,fn,tpr,fpr,precision,recall,f1
1,0.2148234250380498,40,3,37,0,1.0,0.075,0.9302325581395349,1.0,0.963855421686747
2,0.23629055683703803,40,7,33,0,1.0,0.175,0.851063829787234,1.0,0.9195402298850575
3,0.22519510558529154,40,6,34,0,1.0,0.15,0.8695652173913043,1.0,0.9302325581395349
4,0.21757625633765384,40,4,36,0,1.0,0.1,0.9090909090909091,1.0,0.9523809523809523
5,0.22682573029557862,40,4,36,0,1.0,0.1,0.9090909090909091,1.0,0.9523809523809523
