fold,threshold
1,0.2316655484731812
2,0.2347621455197728
3,0.21270592863276439
4,0.21397516033520753
5,0.2280305065686442
