fold,logistic_tpr,logistic_far,logistic_tp,logistic_fp,logistic_tn,logistic_fn,or_tpr,or_far,or_tp,or_fp,or_tn,or_fn,tpr_diff,far_diff
1,1.0,0.0,40,0,40,0,0.825,0.0,33,0,40,7,0.17500000000000004,0.0
2,1.0,0.0,40,0,40,0,0.925,0.0,37,0,40,3,0.07499999999999996,0.0
3,1.0,0.0,40,0,40,0,0.875,0.0,35,0,40,5,0.125,0.0
4,1.0,0.0,40,0,40,0,0.85,0.0,34,0,40,6,0.15000000000000002,0.0
5,1.0,0.0,40,0,40,0,0.875,0.0,35,0,40,5,0.125,0.0
