version,tp,fn,fp,tn,tpr,tpr_ci_low,tpr_ci_high,far,far_ci_low,far_ci_high,accuracy,precision,f1
v1,160,40,0,200,0.8,0.7391448134346212,0.8495479907390189,0.0,1.734723475976807e-18,0.018845326377266575,0.9,1.0,0.8888888888888888
v2,88,112,0,200,0.44,0.37297819251185865,0.5092832466534134,0.0,1.734723475976807e-18,0.018845326377266575,0.72,1.0,0.6111111111111112
v3,114,86,0,200,0.57,0.5007048776415268,0.6366567766656557,0.0,1.734723475976807e-18,0.018845326377266575,0.785,1.0,0.7261146496815286
