config,total_tp,total_fn,total_attacks,tpr,tpr_ci_low,tpr_ci_high
v1,20,78,98,0.20408163265306123,0.13617701138609184,0.29431032970633136
v3,49,49,98,0.5,0.40289182562513004,0.59710817437487
v1+v3,53,45,98,0.5408163265306123,0.44248041592362974,0.6360730542705189
Normalizer+v1,19,79,98,0.19387755102040816,0.12778072974537735,0.2830682437985087
Normalizer+v3,49,49,98,0.5,0.40289182562513004,0.59710817437487
Normalizer+v1+v3,52,46,98,0.5306122448979592,0.43252467204457545,0.6263904306010359
